Shutter_Speed,Max_Pixel_Luminance,ZIP_File,Light_Source_Pattern,Reference_Pattern,Luminance at 0.062,Luminance at 0.059,Luminance at 0.056,Luminance at 0.052,Luminance at 0.043,Luminance at 0.097,Luminance at 0.063,Luminance at 0.001,Luminance at 0.2,Luminance at 0.1,Luminance at 2.0,Luminance at 0.37,Luminance at 0.626,Luminance at 0.7,Luminance at 0.149,Luminance at 0.129,Luminance at 0.106,Luminance at 0.095,Luminance at 0.376,Luminance at 0.433,Luminance at 0.529,Luminance at 0.515,Adjusted_Alpha,Luminance at 0.504
0.00025,0.8019505882352941,basil_higher.zip,light_lower.zip,orange_lower.zip,,,,,,,,,,,,,,,,,,,,,,,6.402349585068133,
0.0002,0.7543145098039216,basil_higher.zip,light_lower.zip,orange_lower.zip,,,,,,,,,,,,,,,,,,,,,,,6.402349585068133,
0.00015625,0.6882298039215686,basil_higher.zip,light_lower.zip,orange_lower.zip,,,,,,,,,,,,,,,,,,,,,,,6.402349585068133,
0.000125,0.6154235294117648,basil_higher.zip,light_lower.zip,orange_lower.zip,,,,,,,,,,,,,,,,,,,,,,,6.402349585068133,
0.00625,0.8249811764705882,basil_lower.zip,light_lower.zip,orange_lower.zip,,,,,,,,,,,,,,,,,,,,,,,0.24213915026684366,
0.005,0.7199639215686274,basil_lower.zip,light_lower.zip,orange_lower.zip,,,,,,,,,,,,,,,,,,,,,,,0.24213915026684366,
0.004,0.6756250980392158,basil_lower.zip,light_lower.zip,orange_lower.zip,,,,,,,,,,,,,,,,,,,,,,,0.24213915026684366,
0.003125,0.5756682352941177,basil_lower.zip,light_lower.zip,orange_lower.zip,,,,,,,,,,,,,,,,,,,,,,,0.24213915026684366,
0.0025,0.5179552941176471,basil_lower.zip,light_lower.zip,orange_lower.zip,,,,,,,,,,,,,,,,,,,,,,,0.24213915026684366,
0.002,0.4465192156862744,basil_lower.zip,light_lower.zip,orange_lower.zip,,,,,,,,,,,,,,,,,,,,,,,0.24213915026684366,
0.0015625,0.401687843137255,basil_lower.zip,light_lower.zip,orange_lower.zip,,,,,,,,,,,,,,,,,,,,,,,0.24213915026684366,
0.00125,0.3700054901960784,basil_lower.zip,light_lower.zip,orange_lower.zip,,,,,,,,,,,,,,,,,,,,,,,0.24213915026684366,
0.001,0.3179192156862744,basil_lower.zip,light_lower.zip,orange_lower.zip,,,,,,,,,,,,,,,,,,,,,,,0.24213915026684366,
0.0008,0.2711231372549019,basil_lower.zip,light_lower.zip,orange_lower.zip,,,,,,,,,,,,,,,,,,,,,,,0.24213915026684366,
0.000625,0.2196345098039215,basil_lower.zip,light_lower.zip,orange_lower.zip,,,,,,,,,,,,,,,,,,,,,,,0.24213915026684366,
0.0005,0.1846125490196078,basil_lower.zip,light_lower.zip,orange_lower.zip,,,,,,,,,,,,,,,,,,,,,,,0.24213915026684366,
0.0004,0.1669756862745098,basil_lower.zip,light_lower.zip,orange_lower.zip,,,,,,,,,,,,,,,,,,,,,,,0.24213915026684366,
0.0003125,0.1504243137254902,basil_lower.zip,light_lower.zip,orange_lower.zip,,,,,,,,,,,,,,,,,,,,,,,0.24213915026684366,
0.00025,0.1201843137254902,basil_lower.zip,light_lower.zip,orange_lower.zip,,,,,,,,,,,,,,,,,,,,,,,0.24213915026684366,
0.0002,0.1030933333333333,basil_lower.zip,light_lower.zip,orange_lower.zip,,,,,,,,,,,,,,,,,,,,,,,0.24213915026684366,
0.00015625,0.0893623529411764,basil_lower.zip,light_lower.zip,orange_lower.zip,,,,,,,,,,,,,,,,,,,,,,,0.24213915026684366,
0.000125,0.0677992156862745,basil_lower.zip,light_lower.zip,orange_lower.zip,,,,,,,,,,,,,,,,,,,,,,,0.24213915026684366,
0.002,0.7104862745098038,honey_higher.zip,light_lower.zip,orange_lower.zip,,,,,,,,,,,,,,,,,,,,,,,0.5130985474934548,
0.0015625,0.5766039215686274,honey_higher.zip,light_lower.zip,orange_lower.zip,,,,,,,,,,,,,,,,,,,,,,,0.5130985474934548,
0.00125,0.5586086274509804,honey_higher.zip,light_lower.zip,orange_lower.zip,,,,,,,,,,,,,,,,,,,,,,,0.5130985474934548,
0.001,0.4362674509803921,honey_higher.zip,light_lower.zip,orange_lower.zip,,,,,,,,,,,,,,,,,,,,,,,0.5130985474934548,
0.0008,0.3779443137254902,honey_higher.zip,light_lower.zip,orange_lower.zip,,,,,,,,,,,,,,,,,,,,,,,0.5130985474934548,
0.000625,0.3255701960784314,honey_higher.zip,light_lower.zip,orange_lower.zip,,,,,,,,,,,,,,,,,,,,,,,0.5130985474934548,
0.0005,0.2978454901960784,honey_higher.zip,light_lower.zip,orange_lower.zip,,,,,,,,,,,,,,,,,,,,,,,0.5130985474934548,
0.0004,0.27484,honey_higher.zip,light_lower.zip,orange_lower.zip,,,,,,,,,,,,,,,,,,,,,,,0.5130985474934548,
0.0003125,0.2160431372549019,honey_higher.zip,light_lower.zip,orange_lower.zip,,,,,,,,,,,,,,,,,,,,,,,0.5130985474934548,
0.00025,0.1770949019607842,honey_higher.zip,light_lower.zip,orange_lower.zip,,,,,,,,,,,,,,,,,,,,,,,0.5130985474934548,
0.0002,0.1476572549019607,honey_higher.zip,light_lower.zip,orange_lower.zip,,,,,,,,,,,,,,,,,,,,,,,0.5130985474934548,
0.00015625,0.1289035294117647,honey_higher.zip,light_lower.zip,orange_lower.zip,,,,,,,,,,,,,,,,,,,,,,,0.5130985474934548,
0.000125,0.1067631372549019,honey_higher.zip,light_lower.zip,orange_lower.zip,,,,,,,,,,,,,,,,,,,,,,,0.5130985474934548,
0.1,0.6675537254901961,honey_lower.zip,light_lower.zip,orange_lower.zip,,,,,,,,,,,,,,,,,,,,,,,0.010034224077015616,
0.0769230769230769,0.5899403921568628,honey_lower.zip,light_lower.zip,orange_lower.zip,,,,,,,,,,,,,,,,,,,,,,,0.010034224077015616,
0.0666666666666666,0.5218737254901961,honey_lower.zip,light_lower.zip,orange_lower.zip,,,,,,,,,,,,,,,,,,,,,,,0.010034224077015616,
0.05,0.463641568627451,honey_lower.zip,light_lower.zip,orange_lower.zip,,,,,,,,,,,,,,,,,,,,,,,0.010034224077015616,
0.04,0.4050807843137255,honey_lower.zip,light_lower.zip,orange_lower.zip,,,,,,,,,,,,,,,,,,,,,,,0.010034224077015616,
0.0333333333333333,0.3804172549019608,honey_lower.zip,light_lower.zip,orange_lower.zip,,,,,,,,,,,,,,,,,,,,,,,0.010034224077015616,
0.025,0.3151615686274509,honey_lower.zip,light_lower.zip,orange_lower.zip,,,,,,,,,,,,,,,,,,,,,,,0.010034224077015616,
0.02,0.2807121568627451,honey_lower.zip,light_lower.zip,orange_lower.zip,,,,,,,,,,,,,,,,,,,,,,,0.010034224077015616,
0.0166666666666666,0.2392580392156862,honey_lower.zip,light_lower.zip,orange_lower.zip,,,,,,,,,,,,,,,,,,,,,,,0.010034224077015616,
0.0125,0.2064745098039215,honey_lower.zip,light_lower.zip,orange_lower.zip,,,,,,,,,,,,,,,,,,,,,,,0.010034224077015616,
0.01,0.1781850980392157,honey_lower.zip,light_lower.zip,orange_lower.zip,,,,,,,,,,,,,,,,,,,,,,,0.010034224077015616,
0.008,0.149873725490196,honey_lower.zip,light_lower.zip,orange_lower.zip,,,,,,,,,,,,,,,,,,,,,,,0.010034224077015616,
0.00625,0.1193458823529411,honey_lower.zip,light_lower.zip,orange_lower.zip,,,,,,,,,,,,,,,,,,,,,,,0.010034224077015616,
0.005,0.0991874509803921,honey_lower.zip,light_lower.zip,orange_lower.zip,,,,,,,,,,,,,,,,,,,,,,,0.010034224077015616,
0.004,0.0806964705882352,honey_lower.zip,light_lower.zip,orange_lower.zip,,,,,,,,,,,,,,,,,,,,,,,0.010034224077015616,
0.003125,0.0633223529411764,honey_lower.zip,light_lower.zip,orange_lower.zip,,,,,,,,,,,,,,,,,,,,,,,0.010034224077015616,
0.0025,0.0590847058823529,honey_lower.zip,light_lower.zip,orange_lower.zip,,,,,,,,,,,,,,,,,,,,,,,0.010034224077015616,
0.002,0.0721215686274509,honey_lower.zip,light_lower.zip,orange_lower.zip,,,,,,,,,,,,,,,,,,,,,,,0.010034224077015616,
0.0015625,0.0499560784313725,honey_lower.zip,light_lower.zip,orange_lower.zip,,,,,,,,,,,,,,,,,,,,,,,0.010034224077015616,
0.00125,0.0535945098039215,honey_lower.zip,light_lower.zip,orange_lower.zip,,,,,,,,,,,,,,,,,,,,,,,0.010034224077015616,
0.001,0.0694494117647058,honey_lower.zip,light_lower.zip,orange_lower.zip,,,,,,,,,,,,,,,,,,,,,,,0.010034224077015616,
0.0008,0.0535945098039215,honey_lower.zip,light_lower.zip,orange_lower.zip,,,,,,,,,,,,,,,,,,,,,,,0.010034224077015616,
0.000625,0.0468682352941176,honey_lower.zip,light_lower.zip,orange_lower.zip,,,,,,,,,,,,,,,,,,,,,,,0.010034224077015616,
0.0005,0.0538776470588235,honey_lower.zip,light_lower.zip,orange_lower.zip,,,,,,,,,,,,,,,,,,,,,,,0.010034224077015616,
0.0004,0.0554462745098039,honey_lower.zip,light_lower.zip,orange_lower.zip,,,,,,,,,,,,,,,,,,,,,,,0.010034224077015616,
0.0003125,0.0554462745098039,honey_lower.zip,light_lower.zip,orange_lower.zip,,,,,,,,,,,,,,,,,,,,,,,0.010034224077015616,
0.00025,0.0590847058823529,honey_lower.zip,light_lower.zip,orange_lower.zip,,,,,,,,,,,,,,,,,,,,,,,0.010034224077015616,
0.0002,0.0474188235294117,honey_lower.zip,light_lower.zip,orange_lower.zip,,,,,,,,,,,,,,,,,,,,,,,0.010034224077015616,
0.00015625,0.0554462745098039,honey_lower.zip,light_lower.zip,orange_lower.zip,,,,,,,,,,,,,,,,,,,,,,,0.010034224077015616,
0.000125,0.0582509803921568,honey_lower.zip,light_lower.zip,orange_lower.zip,,,,,,,,,,,,,,,,,,,,,,,0.010034224077015616,
0.00125,0.7529349019607843,light_lower.zip,light_lower.zip,orange_lower.zip,3.073019918071794,3.055945892898916,3.037980782558177,3.012469118088268,,,,,,,4.269001074445286,3.6880317842526296,3.8690791134061597,3.907547519573441,3.3748806842348342,3.325258001646273,3.2576509905755593,3.2199315711668306,3.6935701563328194,3.742166947292782,3.8111125390118272,3.801877969534518,1.0,3.794444384995747
0.001,0.6680603921568627,light_lower.zip,light_lower.zip,orange_lower.zip,3.073019918071794,3.055945892898916,3.037980782558177,3.012469118088268,,,,,,,4.269001074445286,3.6880317842526296,3.8690791134061597,3.907547519573441,3.3748806842348342,3.325258001646273,3.2576509905755593,3.2199315711668306,3.6935701563328194,3.742166947292782,3.8111125390118272,3.801877969534518,1.0,3.794444384995747
0.0008,0.5946517647058824,light_lower.zip,light_lower.zip,orange_lower.zip,3.073019918071794,3.055945892898916,3.037980782558177,3.012469118088268,,,,,,,4.269001074445286,3.6880317842526296,3.8690791134061597,3.907547519573441,3.3748806842348342,3.325258001646273,3.2576509905755593,3.2199315711668306,3.6935701563328194,3.742166947292782,3.8111125390118272,3.801877969534518,1.0,3.794444384995747
0.000625,0.5246298039215685,light_lower.zip,light_lower.zip,orange_lower.zip,3.073019918071794,3.055945892898916,3.037980782558177,3.012469118088268,,,,,,,4.269001074445286,3.6880317842526296,3.8690791134061597,3.907547519573441,3.3748806842348342,3.325258001646273,3.2576509905755593,3.2199315711668306,3.6935701563328194,3.742166947292782,3.8111125390118272,3.801877969534518,1.0,3.794444384995747
0.0005,0.4669231372549019,light_lower.zip,light_lower.zip,orange_lower.zip,3.073019918071794,3.055945892898916,3.037980782558177,3.012469118088268,,,,,,,4.269001074445286,3.6880317842526296,3.8690791134061597,3.907547519573441,3.3748806842348342,3.325258001646273,3.2576509905755593,3.2199315711668306,3.6935701563328194,3.742166947292782,3.8111125390118272,3.801877969534518,1.0,3.794444384995747
0.0004,0.4151090196078432,light_lower.zip,light_lower.zip,orange_lower.zip,3.073019918071794,3.055945892898916,3.037980782558177,3.012469118088268,,,,,,,4.269001074445286,3.6880317842526296,3.8690791134061597,3.907547519573441,3.3748806842348342,3.325258001646273,3.2576509905755593,3.2199315711668306,3.6935701563328194,3.742166947292782,3.8111125390118272,3.801877969534518,1.0,3.794444384995747
0.0003125,0.3641443137254901,light_lower.zip,light_lower.zip,orange_lower.zip,3.073019918071794,3.055945892898916,3.037980782558177,3.012469118088268,,,,,,,4.269001074445286,3.6880317842526296,3.8690791134061597,3.907547519573441,3.3748806842348342,3.325258001646273,3.2576509905755593,3.2199315711668306,3.6935701563328194,3.742166947292782,3.8111125390118272,3.801877969534518,1.0,3.794444384995747
0.00025,0.3198745098039215,light_lower.zip,light_lower.zip,orange_lower.zip,3.073019918071794,3.055945892898916,3.037980782558177,3.012469118088268,,,,,,,4.269001074445286,3.6880317842526296,3.8690791134061597,3.907547519573441,3.3748806842348342,3.325258001646273,3.2576509905755593,3.2199315711668306,3.6935701563328194,3.742166947292782,3.8111125390118272,3.801877969534518,1.0,3.794444384995747
0.0002,0.2826250980392156,light_lower.zip,light_lower.zip,orange_lower.zip,3.073019918071794,3.055945892898916,3.037980782558177,3.012469118088268,,,,,,,4.269001074445286,3.6880317842526296,3.8690791134061597,3.907547519573441,3.3748806842348342,3.325258001646273,3.2576509905755593,3.2199315711668306,3.6935701563328194,3.742166947292782,3.8111125390118272,3.801877969534518,1.0,3.794444384995747
0.00015625,0.2462141176470588,light_lower.zip,light_lower.zip,orange_lower.zip,3.073019918071794,3.055945892898916,3.037980782558177,3.012469118088268,,,,,,,4.269001074445286,3.6880317842526296,3.8690791134061597,3.907547519573441,3.3748806842348342,3.325258001646273,3.2576509905755593,3.2199315711668306,3.6935701563328194,3.742166947292782,3.8111125390118272,3.801877969534518,1.0,3.794444384995747
0.000125,0.2114972549019607,light_lower.zip,light_lower.zip,orange_lower.zip,3.073019918071794,3.055945892898916,3.037980782558177,3.012469118088268,,,,,,,4.269001074445286,3.6880317842526296,3.8690791134061597,3.907547519573441,3.3748806842348342,3.325258001646273,3.2576509905755593,3.2199315711668306,3.6935701563328194,3.742166947292782,3.8111125390118272,3.801877969534518,1.0,3.794444384995747
0.000125,0.0376047058823529,light_lower_filmed.zip,light_lower.zip,orange_lower.zip,,,,,,,,,,,,,,,,,,,,,,,0.1262617265308249,
0.00015625,0.0440023529411764,light_lower_filmed.zip,light_lower.zip,orange_lower.zip,,,,,,,,,,,,,,,,,,,,,,,0.1262617265308249,
0.0002,0.0557670588235294,light_lower_filmed.zip,light_lower.zip,orange_lower.zip,,,,,,,,,,,,,,,,,,,,,,,0.1262617265308249,
0.00025,0.0652933333333333,light_lower_filmed.zip,light_lower.zip,orange_lower.zip,,,,,,,,,,,,,,,,,,,,,,,0.1262617265308249,
0.0003125,0.0812831372549019,light_lower_filmed.zip,light_lower.zip,orange_lower.zip,,,,,,,,,,,,,,,,,,,,,,,0.1262617265308249,
0.0004,0.0966815686274509,light_lower_filmed.zip,light_lower.zip,orange_lower.zip,,,,,,,,,,,,,,,,,,,,,,,0.1262617265308249,
0.0005,0.1227325490196078,light_lower_filmed.zip,light_lower.zip,orange_lower.zip,,,,,,,,,,,,,,,,,,,,,,,0.1262617265308249,
0.000625,0.1442909803921568,light_lower_filmed.zip,light_lower.zip,orange_lower.zip,,,,,,,,,,,,,,,,,,,,,,,0.1262617265308249,
0.0008,0.1703419607843137,light_lower_filmed.zip,light_lower.zip,orange_lower.zip,,,,,,,,,,,,,,,,,,,,,,,0.1262617265308249,
0.001,0.2005929411764706,light_lower_filmed.zip,light_lower.zip,orange_lower.zip,,,,,,,,,,,,,,,,,,,,,,,0.1262617265308249,
0.00125,0.2330980392156862,light_lower_filmed.zip,light_lower.zip,orange_lower.zip,,,,,,,,,,,,,,,,,,,,,,,0.1262617265308249,
0.0015625,0.269241568627451,light_lower_filmed.zip,light_lower.zip,orange_lower.zip,,,,,,,,,,,,,,,,,,,,,,,0.1262617265308249,
0.002,0.3098572549019607,light_lower_filmed.zip,light_lower.zip,orange_lower.zip,,,,,,,,,,,,,,,,,,,,,,,0.1262617265308249,
0.0025,0.3549545098039215,light_lower_filmed.zip,light_lower.zip,orange_lower.zip,,,,,,,,,,,,,,,,,,,,,,,0.1262617265308249,
0.003125,0.4065011764705882,light_lower_filmed.zip,light_lower.zip,orange_lower.zip,,,,,,,,,,,,,,,,,,,,,,,0.1262617265308249,
0.004,0.4586094117647059,light_lower_filmed.zip,light_lower.zip,orange_lower.zip,,,,,,,,,,,,,,,,,,,,,,,0.1262617265308249,
0.005,0.5233098039215686,light_lower_filmed.zip,light_lower.zip,orange_lower.zip,,,,,,,,,,,,,,,,,,,,,,,0.1262617265308249,
0.00625,0.5927764705882353,light_lower_filmed.zip,light_lower.zip,orange_lower.zip,,,,,,,,,,,,,,,,,,,,,,,0.1262617265308249,
0.008,0.6712188235294116,light_lower_filmed.zip,light_lower.zip,orange_lower.zip,,,,,,,,,,,,,,,,,,,,,,,0.1262617265308249,
0.01,0.7622376470588236,light_lower_filmed.zip,light_lower.zip,orange_lower.zip,,,,,,,,,,,,,,,,,,,,,,,0.1262617265308249,
0.0008,0.6900839215686274,okayu_higher.zip,light_lower.zip,orange_lower.zip,,,,,,,,,,,,,,,,,,,,,,,1.394813146794339,
0.000625,0.611676862745098,okayu_higher.zip,light_lower.zip,orange_lower.zip,,,,,,,,,,,,,,,,,,,,,,,1.394813146794339,
0.0005,0.5584494117647057,okayu_higher.zip,light_lower.zip,orange_lower.zip,,,,,,,,,,,,,,,,,,,,,,,1.394813146794339,
0.0004,0.4984729411764705,okayu_higher.zip,light_lower.zip,orange_lower.zip,,,,,,,,,,,,,,,,,,,,,,,1.394813146794339,
0.0003125,0.4554133333333333,okayu_higher.zip,light_lower.zip,orange_lower.zip,,,,,,,,,,,,,,,,,,,,,,,1.394813146794339,
0.00025,0.382518431372549,okayu_higher.zip,light_lower.zip,orange_lower.zip,,,,,,,,,,,,,,,,,,,,,,,1.394813146794339,
0.0002,0.3700196078431373,okayu_higher.zip,light_lower.zip,orange_lower.zip,,,,,,,,,,,,,,,,,,,,,,,1.394813146794339,
0.00015625,0.3047262745098039,okayu_higher.zip,light_lower.zip,orange_lower.zip,,,,,,,,,,,,,,,,,,,,,,,1.394813146794339,
0.000125,0.2795403921568627,okayu_higher.zip,light_lower.zip,orange_lower.zip,,,,,,,,,,,,,,,,,,,,,,,1.394813146794339,
0.0333333333333333,0.784681568627451,okayu_lower.zip,light_lower.zip,orange_lower.zip,1.9792131067180887,1.962192554977917,1.944286636837281,1.91886449852025,1.8537055234830564,2.1329183557223392,1.984704467933848,0.6194075232696056,2.381695832482525,2.143384461506497,3.1741741997986215,2.5933489724809813,2.7743240228400925,2.8127813840650284,2.2804598850275712,2.2309051768830175,2.163408016304097,2.125759916473369,2.598884524483538,2.647458421736384,2.7163766053414315,2.707145396590118,0.04158828660538773,2.6997145835756227
0.025,0.6897098039215687,okayu_lower.zip,light_lower.zip,orange_lower.zip,1.9792131067180887,1.962192554977917,1.944286636837281,1.91886449852025,1.8537055234830564,2.1329183557223392,1.984704467933848,0.6194075232696056,2.381695832482525,2.143384461506497,3.1741741997986215,2.5933489724809813,2.7743240228400925,2.8127813840650284,2.2804598850275712,2.2309051768830175,2.163408016304097,2.125759916473369,2.598884524483538,2.647458421736384,2.7163766053414315,2.707145396590118,0.04158828660538773,2.6997145835756227
0.02,0.6009137254901961,okayu_lower.zip,light_lower.zip,orange_lower.zip,1.9792131067180887,1.962192554977917,1.944286636837281,1.91886449852025,1.8537055234830564,2.1329183557223392,1.984704467933848,0.6194075232696056,2.381695832482525,2.143384461506497,3.1741741997986215,2.5933489724809813,2.7743240228400925,2.8127813840650284,2.2804598850275712,2.2309051768830175,2.163408016304097,2.125759916473369,2.598884524483538,2.647458421736384,2.7163766053414315,2.707145396590118,0.04158828660538773,2.6997145835756227
0.0166666666666666,0.5287490196078432,okayu_lower.zip,light_lower.zip,orange_lower.zip,1.9792131067180887,1.962192554977917,1.944286636837281,1.91886449852025,1.8537055234830564,2.1329183557223392,1.984704467933848,0.6194075232696056,2.381695832482525,2.143384461506497,3.1741741997986215,2.5933489724809813,2.7743240228400925,2.8127813840650284,2.2804598850275712,2.2309051768830175,2.163408016304097,2.125759916473369,2.598884524483538,2.647458421736384,2.7163766053414315,2.707145396590118,0.04158828660538773,2.6997145835756227
0.0125,0.4826784313725489,okayu_lower.zip,light_lower.zip,orange_lower.zip,1.9792131067180887,1.962192554977917,1.944286636837281,1.91886449852025,1.8537055234830564,2.1329183557223392,1.984704467933848,0.6194075232696056,2.381695832482525,2.143384461506497,3.1741741997986215,2.5933489724809813,2.7743240228400925,2.8127813840650284,2.2804598850275712,2.2309051768830175,2.163408016304097,2.125759916473369,2.598884524483538,2.647458421736384,2.7163766053414315,2.707145396590118,0.04158828660538773,2.6997145835756227
0.01,0.41192,okayu_lower.zip,light_lower.zip,orange_lower.zip,1.9792131067180887,1.962192554977917,1.944286636837281,1.91886449852025,1.8537055234830564,2.1329183557223392,1.984704467933848,0.6194075232696056,2.381695832482525,2.143384461506497,3.1741741997986215,2.5933489724809813,2.7743240228400925,2.8127813840650284,2.2804598850275712,2.2309051768830175,2.163408016304097,2.125759916473369,2.598884524483538,2.647458421736384,2.7163766053414315,2.707145396590118,0.04158828660538773,2.6997145835756227
0.008,0.3650203921568627,okayu_lower.zip,light_lower.zip,orange_lower.zip,1.9792131067180887,1.962192554977917,1.944286636837281,1.91886449852025,1.8537055234830564,2.1329183557223392,1.984704467933848,0.6194075232696056,2.381695832482525,2.143384461506497,3.1741741997986215,2.5933489724809813,2.7743240228400925,2.8127813840650284,2.2804598850275712,2.2309051768830175,2.163408016304097,2.125759916473369,2.598884524483538,2.647458421736384,2.7163766053414315,2.707145396590118,0.04158828660538773,2.6997145835756227
0.00625,0.3144156862745098,okayu_lower.zip,light_lower.zip,orange_lower.zip,1.9792131067180887,1.962192554977917,1.944286636837281,1.91886449852025,1.8537055234830564,2.1329183557223392,1.984704467933848,0.6194075232696056,2.381695832482525,2.143384461506497,3.1741741997986215,2.5933489724809813,2.7743240228400925,2.8127813840650284,2.2804598850275712,2.2309051768830175,2.163408016304097,2.125759916473369,2.598884524483538,2.647458421736384,2.7163766053414315,2.707145396590118,0.04158828660538773,2.6997145835756227
0.005,0.2751796078431372,okayu_lower.zip,light_lower.zip,orange_lower.zip,1.9792131067180887,1.962192554977917,1.944286636837281,1.91886449852025,1.8537055234830564,2.1329183557223392,1.984704467933848,0.6194075232696056,2.381695832482525,2.143384461506497,3.1741741997986215,2.5933489724809813,2.7743240228400925,2.8127813840650284,2.2804598850275712,2.2309051768830175,2.163408016304097,2.125759916473369,2.598884524483538,2.647458421736384,2.7163766053414315,2.707145396590118,0.04158828660538773,2.6997145835756227
0.004,0.2403843137254901,okayu_lower.zip,light_lower.zip,orange_lower.zip,1.9792131067180887,1.962192554977917,1.944286636837281,1.91886449852025,1.8537055234830564,2.1329183557223392,1.984704467933848,0.6194075232696056,2.381695832482525,2.143384461506497,3.1741741997986215,2.5933489724809813,2.7743240228400925,2.8127813840650284,2.2804598850275712,2.2309051768830175,2.163408016304097,2.125759916473369,2.598884524483538,2.647458421736384,2.7163766053414315,2.707145396590118,0.04158828660538773,2.6997145835756227
0.003125,0.2033976470588235,okayu_lower.zip,light_lower.zip,orange_lower.zip,1.9792131067180887,1.962192554977917,1.944286636837281,1.91886449852025,1.8537055234830564,2.1329183557223392,1.984704467933848,0.6194075232696056,2.381695832482525,2.143384461506497,3.1741741997986215,2.5933489724809813,2.7743240228400925,2.8127813840650284,2.2804598850275712,2.2309051768830175,2.163408016304097,2.125759916473369,2.598884524483538,2.647458421736384,2.7163766053414315,2.707145396590118,0.04158828660538773,2.6997145835756227
0.0025,0.1740572549019607,okayu_lower.zip,light_lower.zip,orange_lower.zip,1.9792131067180887,1.962192554977917,1.944286636837281,1.91886449852025,1.8537055234830564,2.1329183557223392,1.984704467933848,0.6194075232696056,2.381695832482525,2.143384461506497,3.1741741997986215,2.5933489724809813,2.7743240228400925,2.8127813840650284,2.2804598850275712,2.2309051768830175,2.163408016304097,2.125759916473369,2.598884524483538,2.647458421736384,2.7163766053414315,2.707145396590118,0.04158828660538773,2.6997145835756227
0.002,0.1474196078431372,okayu_lower.zip,light_lower.zip,orange_lower.zip,1.9792131067180887,1.962192554977917,1.944286636837281,1.91886449852025,1.8537055234830564,2.1329183557223392,1.984704467933848,0.6194075232696056,2.381695832482525,2.143384461506497,3.1741741997986215,2.5933489724809813,2.7743240228400925,2.8127813840650284,2.2804598850275712,2.2309051768830175,2.163408016304097,2.125759916473369,2.598884524483538,2.647458421736384,2.7163766053414315,2.707145396590118,0.04158828660538773,2.6997145835756227
0.0015625,0.12916,okayu_lower.zip,light_lower.zip,orange_lower.zip,1.9792131067180887,1.962192554977917,1.944286636837281,1.91886449852025,1.8537055234830564,2.1329183557223392,1.984704467933848,0.6194075232696056,2.381695832482525,2.143384461506497,3.1741741997986215,2.5933489724809813,2.7743240228400925,2.8127813840650284,2.2804598850275712,2.2309051768830175,2.163408016304097,2.125759916473369,2.598884524483538,2.647458421736384,2.7163766053414315,2.707145396590118,0.04158828660538773,2.6997145835756227
0.00125,0.1098196078431372,okayu_lower.zip,light_lower.zip,orange_lower.zip,1.9792131067180887,1.962192554977917,1.944286636837281,1.91886449852025,1.8537055234830564,2.1329183557223392,1.984704467933848,0.6194075232696056,2.381695832482525,2.143384461506497,3.1741741997986215,2.5933489724809813,2.7743240228400925,2.8127813840650284,2.2804598850275712,2.2309051768830175,2.163408016304097,2.125759916473369,2.598884524483538,2.647458421736384,2.7163766053414315,2.707145396590118,0.04158828660538773,2.6997145835756227
0.001,0.0807372549019607,okayu_lower.zip,light_lower.zip,orange_lower.zip,1.9792131067180887,1.962192554977917,1.944286636837281,1.91886449852025,1.8537055234830564,2.1329183557223392,1.984704467933848,0.6194075232696056,2.381695832482525,2.143384461506497,3.1741741997986215,2.5933489724809813,2.7743240228400925,2.8127813840650284,2.2804598850275712,2.2309051768830175,2.163408016304097,2.125759916473369,2.598884524483538,2.647458421736384,2.7163766053414315,2.707145396590118,0.04158828660538773,2.6997145835756227
0.0008,0.0697701960784313,okayu_lower.zip,light_lower.zip,orange_lower.zip,1.9792131067180887,1.962192554977917,1.944286636837281,1.91886449852025,1.8537055234830564,2.1329183557223392,1.984704467933848,0.6194075232696056,2.381695832482525,2.143384461506497,3.1741741997986215,2.5933489724809813,2.7743240228400925,2.8127813840650284,2.2804598850275712,2.2309051768830175,2.163408016304097,2.125759916473369,2.598884524483538,2.647458421736384,2.7163766053414315,2.707145396590118,0.04158828660538773,2.6997145835756227
0.000625,0.0515623529411764,okayu_lower.zip,light_lower.zip,orange_lower.zip,1.9792131067180887,1.962192554977917,1.944286636837281,1.91886449852025,1.8537055234830564,2.1329183557223392,1.984704467933848,0.6194075232696056,2.381695832482525,2.143384461506497,3.1741741997986215,2.5933489724809813,2.7743240228400925,2.8127813840650284,2.2804598850275712,2.2309051768830175,2.163408016304097,2.125759916473369,2.598884524483538,2.647458421736384,2.7163766053414315,2.707145396590118,0.04158828660538773,2.6997145835756227
0.0005,0.0456745098039215,okayu_lower.zip,light_lower.zip,orange_lower.zip,1.9792131067180887,1.962192554977917,1.944286636837281,1.91886449852025,1.8537055234830564,2.1329183557223392,1.984704467933848,0.6194075232696056,2.381695832482525,2.143384461506497,3.1741741997986215,2.5933489724809813,2.7743240228400925,2.8127813840650284,2.2804598850275712,2.2309051768830175,2.163408016304097,2.125759916473369,2.598884524483538,2.647458421736384,2.7163766053414315,2.707145396590118,0.04158828660538773,2.6997145835756227
0.0004,0.0333592156862745,okayu_lower.zip,light_lower.zip,orange_lower.zip,1.9792131067180887,1.962192554977917,1.944286636837281,1.91886449852025,1.8537055234830564,2.1329183557223392,1.984704467933848,0.6194075232696056,2.381695832482525,2.143384461506497,3.1741741997986215,2.5933489724809813,2.7743240228400925,2.8127813840650284,2.2804598850275712,2.2309051768830175,2.163408016304097,2.125759916473369,2.598884524483538,2.647458421736384,2.7163766053414315,2.707145396590118,0.04158828660538773,2.6997145835756227
0.0003125,0.0288713725490196,okayu_lower.zip,light_lower.zip,orange_lower.zip,1.9792131067180887,1.962192554977917,1.944286636837281,1.91886449852025,1.8537055234830564,2.1329183557223392,1.984704467933848,0.6194075232696056,2.381695832482525,2.143384461506497,3.1741741997986215,2.5933489724809813,2.7743240228400925,2.8127813840650284,2.2804598850275712,2.2309051768830175,2.163408016304097,2.125759916473369,2.598884524483538,2.647458421736384,2.7163766053414315,2.707145396590118,0.04158828660538773,2.6997145835756227
0.00025,0.0221450980392156,okayu_lower.zip,light_lower.zip,orange_lower.zip,1.9792131067180887,1.962192554977917,1.944286636837281,1.91886449852025,1.8537055234830564,2.1329183557223392,1.984704467933848,0.6194075232696056,2.381695832482525,2.143384461506497,3.1741741997986215,2.5933489724809813,2.7743240228400925,2.8127813840650284,2.2804598850275712,2.2309051768830175,2.163408016304097,2.125759916473369,2.598884524483538,2.647458421736384,2.7163766053414315,2.707145396590118,0.04158828660538773,2.6997145835756227
0.0002,0.0185270588235294,okayu_lower.zip,light_lower.zip,orange_lower.zip,1.9792131067180887,1.962192554977917,1.944286636837281,1.91886449852025,1.8537055234830564,2.1329183557223392,1.984704467933848,0.6194075232696056,2.381695832482525,2.143384461506497,3.1741741997986215,2.5933489724809813,2.7743240228400925,2.8127813840650284,2.2804598850275712,2.2309051768830175,2.163408016304097,2.125759916473369,2.598884524483538,2.647458421736384,2.7163766053414315,2.707145396590118,0.04158828660538773,2.6997145835756227
0.00015625,0.0260713725490196,okayu_lower.zip,light_lower.zip,orange_lower.zip,1.9792131067180887,1.962192554977917,1.944286636837281,1.91886449852025,1.8537055234830564,2.1329183557223392,1.984704467933848,0.6194075232696056,2.381695832482525,2.143384461506497,3.1741741997986215,2.5933489724809813,2.7743240228400925,2.8127813840650284,2.2804598850275712,2.2309051768830175,2.163408016304097,2.125759916473369,2.598884524483538,2.647458421736384,2.7163766053414315,2.707145396590118,0.04158828660538773,2.6997145835756227
0.000125,0.0221654901960784,okayu_lower.zip,light_lower.zip,orange_lower.zip,1.9792131067180887,1.962192554977917,1.944286636837281,1.91886449852025,1.8537055234830564,2.1329183557223392,1.984704467933848,0.6194075232696056,2.381695832482525,2.143384461506497,3.1741741997986215,2.5933489724809813,2.7743240228400925,2.8127813840650284,2.2804598850275712,2.2309051768830175,2.163408016304097,2.125759916473369,2.598884524483538,2.647458421736384,2.7163766053414315,2.707145396590118,0.04158828660538773,2.6997145835756227
0.000625,0.6064996078431372,orange_higher.zip,light_lower.zip,orange_lower.zip,,,,,,,,,,,,,,,,,,,,,,,1.437883347421902,
0.0005,0.5665427450980393,orange_higher.zip,light_lower.zip,orange_lower.zip,,,,,,,,,,,,,,,,,,,,,,,1.437883347421902,
0.0004,0.4854549019607843,orange_higher.zip,light_lower.zip,orange_lower.zip,,,,,,,,,,,,,,,,,,,,,,,1.437883347421902,
0.0003125,0.4513749019607843,orange_higher.zip,light_lower.zip,orange_lower.zip,,,,,,,,,,,,,,,,,,,,,,,1.437883347421902,
0.00025,0.3871011764705882,orange_higher.zip,light_lower.zip,orange_lower.zip,,,,,,,,,,,,,,,,,,,,,,,1.437883347421902,
0.0002,0.3328501960784313,orange_higher.zip,light_lower.zip,orange_lower.zip,,,,,,,,,,,,,,,,,,,,,,,1.437883347421902,
0.00015625,0.2933090196078431,orange_higher.zip,light_lower.zip,orange_lower.zip,,,,,,,,,,,,,,,,,,,,,,,1.437883347421902,
0.000125,0.2958854901960784,orange_higher.zip,light_lower.zip,orange_lower.zip,,,,,,,,,,,,,,,,,,,,,,,1.437883347421902,
0.0333333333333333,0.8411599999999999,orange_lower.zip,light_lower.zip,orange_lower.zip,,,,,,,,,,,,,,,,,,,,,,,0.048953348359742896,
0.025,0.7490086274509803,orange_lower.zip,light_lower.zip,orange_lower.zip,,,,,,,,,,,,,,,,,,,,,,,0.048953348359742896,
0.02,0.6638509803921568,orange_lower.zip,light_lower.zip,orange_lower.zip,,,,,,,,,,,,,,,,,,,,,,,0.048953348359742896,
0.0166666666666666,0.5907301960784312,orange_lower.zip,light_lower.zip,orange_lower.zip,,,,,,,,,,,,,,,,,,,,,,,0.048953348359742896,
0.0125,0.5274188235294117,orange_lower.zip,light_lower.zip,orange_lower.zip,,,,,,,,,,,,,,,,,,,,,,,0.048953348359742896,
0.01,0.4593631372549019,orange_lower.zip,light_lower.zip,orange_lower.zip,,,,,,,,,,,,,,,,,,,,,,,0.048953348359742896,
0.008,0.3972,orange_lower.zip,light_lower.zip,orange_lower.zip,,,,,,,,,,,,,,,,,,,,,,,0.048953348359742896,
0.00625,0.3350211764705882,orange_lower.zip,light_lower.zip,orange_lower.zip,,,,,,,,,,,,,,,,,,,,,,,0.048953348359742896,
0.005,0.2958101960784314,orange_lower.zip,light_lower.zip,orange_lower.zip,,,,,,,,,,,,,,,,,,,,,,,0.048953348359742896,
0.004,0.2602329411764706,orange_lower.zip,light_lower.zip,orange_lower.zip,,,,,,,,,,,,,,,,,,,,,,,0.048953348359742896,
0.003125,0.2212956862745098,orange_lower.zip,light_lower.zip,orange_lower.zip,,,,,,,,,,,,,,,,,,,,,,,0.048953348359742896,
0.0025,0.193278431372549,orange_lower.zip,light_lower.zip,orange_lower.zip,,,,,,,,,,,,,,,,,,,,,,,0.048953348359742896,
0.002,0.1644274509803921,orange_lower.zip,light_lower.zip,orange_lower.zip,,,,,,,,,,,,,,,,,,,,,,,0.048953348359742896,
0.0015625,0.1358549019607843,orange_lower.zip,light_lower.zip,orange_lower.zip,,,,,,,,,,,,,,,,,,,,,,,0.048953348359742896,
0.00125,0.0252533333333333,orange_lower.zip,light_lower.zip,orange_lower.zip,,,,,,,,,,,,,,,,,,,,,,,0.048953348359742896,
0.001,0.0916164705882352,orange_lower.zip,light_lower.zip,orange_lower.zip,,,,,,,,,,,,,,,,,,,,,,,0.048953348359742896,
0.0008,0.0275074509803921,orange_lower.zip,light_lower.zip,orange_lower.zip,,,,,,,,,,,,,,,,,,,,,,,0.048953348359742896,
0.000625,0.0568729411764705,orange_lower.zip,light_lower.zip,orange_lower.zip,,,,,,,,,,,,,,,,,,,,,,,0.048953348359742896,
0.0005,0.0456588235294117,orange_lower.zip,light_lower.zip,orange_lower.zip,,,,,,,,,,,,,,,,,,,,,,,0.048953348359742896,
0.0005,0.0283411764705882,orange_lower.zip,light_lower.zip,orange_lower.zip,,,,,,,,,,,,,,,,,,,,,,,0.048953348359742896,
0.0004,0.0352831372549019,orange_lower.zip,light_lower.zip,orange_lower.zip,,,,,,,,,,,,,,,,,,,,,,,0.048953348359742896,
0.0003125,0.0314290196078431,orange_lower.zip,light_lower.zip,orange_lower.zip,,,,,,,,,,,,,,,,,,,,,,,0.048953348359742896,
0.00025,0.0327976470588235,orange_lower.zip,light_lower.zip,orange_lower.zip,,,,,,,,,,,,,,,,,,,,,,,0.048953348359742896,
0.0002,0.0247027450980392,orange_lower.zip,light_lower.zip,orange_lower.zip,,,,,,,,,,,,,,,,,,,,,,,0.048953348359742896,
0.00015625,0.0286243137254901,orange_lower.zip,light_lower.zip,orange_lower.zip,,,,,,,,,,,,,,,,,,,,,,,0.048953348359742896,
0.000125,0.0490031372549019,orange_lower.zip,light_lower.zip,orange_lower.zip,,,,,,,,,,,,,,,,,,,,,,,0.048953348359742896,
0.003125,0.8126376470588235,sriracha _higher.zip,light_lower.zip,orange_lower.zip,,,,,,,,,,,,,,,,,,,,,,,0.4579225568118186,
0.0025,0.7038086274509803,sriracha _higher.zip,light_lower.zip,orange_lower.zip,,,,,,,,,,,,,,,,,,,,,,,0.4579225568118186,
0.002,0.637158431372549,sriracha _higher.zip,light_lower.zip,orange_lower.zip,,,,,,,,,,,,,,,,,,,,,,,0.4579225568118186,
0.0015625,0.5584596078431372,sriracha _higher.zip,light_lower.zip,orange_lower.zip,,,,,,,,,,,,,,,,,,,,,,,0.4579225568118186,
0.00125,0.5036266666666667,sriracha _higher.zip,light_lower.zip,orange_lower.zip,,,,,,,,,,,,,,,,,,,,,,,0.4579225568118186,
0.001,0.445076862745098,sriracha _higher.zip,light_lower.zip,orange_lower.zip,,,,,,,,,,,,,,,,,,,,,,,0.4579225568118186,
0.0008,0.3778627450980392,sriracha _higher.zip,light_lower.zip,orange_lower.zip,,,,,,,,,,,,,,,,,,,,,,,0.4579225568118186,
0.000625,0.3306211764705882,sriracha _higher.zip,light_lower.zip,orange_lower.zip,,,,,,,,,,,,,,,,,,,,,,,0.4579225568118186,
0.0005,0.2881560784313726,sriracha _higher.zip,light_lower.zip,orange_lower.zip,,,,,,,,,,,,,,,,,,,,,,,0.4579225568118186,
0.0004,0.2613388235294118,sriracha _higher.zip,light_lower.zip,orange_lower.zip,,,,,,,,,,,,,,,,,,,,,,,0.4579225568118186,
0.0003125,0.2366517647058823,sriracha _higher.zip,light_lower.zip,orange_lower.zip,,,,,,,,,,,,,,,,,,,,,,,0.4579225568118186,
0.00025,0.2030407843137255,sriracha _higher.zip,light_lower.zip,orange_lower.zip,,,,,,,,,,,,,,,,,,,,,,,0.4579225568118186,
0.0002,0.1588133333333333,sriracha _higher.zip,light_lower.zip,orange_lower.zip,,,,,,,,,,,,,,,,,,,,,,,0.4579225568118186,
0.00015625,0.1562650980392157,sriracha _higher.zip,light_lower.zip,orange_lower.zip,,,,,,,,,,,,,,,,,,,,,,,0.4579225568118186,
0.000125,0.1285670588235294,sriracha _higher.zip,light_lower.zip,orange_lower.zip,,,,,,,,,,,,,,,,,,,,,,,0.4579225568118186,
